class,accuracy,min_confidence,avg_confidence,percentage_confidence_over_50,avg_confidence_correct_prediction,avg_confidence_incorrect_prediction,min_response_time,avg_response_time,max_response_time,class_label
0,0.7487684729064039,0.2665545344352722,0.8908536513206016,0.9671592775041051,0.9246961263645637,0.7899898041307537,0.0004339218139648,0.0008686154542493398,0.0432109832763671,bicycle
1,0.6107814045499506,0.2687534391880035,0.7556398479980956,0.874381800197824,0.8102236094745064,0.6699842629620505,0.0004386901855468,0.0007969044318420357,0.0407207012176513,bus
2,0.8882106851381936,0.2323669791221618,0.8957852885555267,0.9711268088608463,0.9179167114425447,0.7199423083041343,0.0004184246063232,0.000808556697453763,0.0522875785827636,car
3,0.12258064516129032,0.2933481335639953,0.7686637342617076,0.886021505376344,0.7099395896259107,0.7768678427034733,0.0004816055297851,0.0007536083139398552,0.0023698806762695,motorcycle
6,0.9763221951759239,0.3444432318210602,0.9752696149774979,0.9955742420889577,0.9817517069206385,0.7079893378453834,0.0004158020019531,0.000789580289229065,0.0422453880310058,pedestrian
7,0.05625,0.3283306956291199,0.8755653465166688,0.95625,0.6165207732054923,0.8910050892968051,0.0004496574401855,0.0008816465735434992,0.0447852611541748,rider
8,0.8979897348160821,0.2304624617099762,0.9410374707600517,0.9762617621899059,0.9644448485551036,0.7349838452644069,0.0004079341888427,0.0008056861809729225,0.0616793632507324,traffic light
9,0.9059372915276851,0.2385017424821853,0.9314347217462117,0.9649766511007338,0.9583809026770722,0.6719105110787753,0.0004284381866455,0.0007882030746632514,0.0449945926666259,traffic sign
12,0.46844605292920155,0.2251301854848861,0.7154392528098462,0.8378194978511649,0.7307108476981053,0.7019807536551292,0.0004327297210693,0.0007780259401380885,0.0479400157928466,truck
