class,accuracy,min_confidence,avg_confidence,percentage_confidence_over_50,avg_confidence_correct_prediction,avg_confidence_incorrect_prediction,min_response_time,avg_response_time,max_response_time,class_label
0,0.48808545603944126,0.2622532248497009,0.8217731657680568,0.9416598192276089,0.8470077113772081,0.7977132619288338,0.0004365444183349,0.0008243374287738785,0.04433274269104,bicycle
1,0.5543478260869565,0.2467212677001953,0.7168016715689375,0.8399209486166008,0.7726855543367366,0.6472875734919191,0.0004394054412841,0.0008019790819039439,0.0437448024749755,bus
2,0.8511886384686632,0.2258156836032867,0.8509275696266659,0.969332098384275,0.872608506545735,0.726914409697468,0.0003948211669921,0.0008077637817449323,0.0478591918945312,car
3,0.221505376344086,0.2651219069957733,0.7499984216946427,0.8602150537634409,0.7330633815631126,0.7548169552127301,0.0004580020904541,0.0007611397773988267,0.0010304450988769,motorcycle
6,0.9838459836246958,0.3142826557159424,0.9795225499398573,0.9938039389245408,0.9846643243643597,0.6663673569078314,0.0004022121429443,0.0007869411184872196,0.0415389537811279,pedestrian
7,0.14710485133020346,0.3287800252437591,0.8540238333699849,0.9655712050078247,0.7209496976847344,0.8769760696166152,0.0004148483276367,0.0007560350152434581,0.001824140548706,rider
8,0.8932848588537211,0.2783746421337127,0.9386365829853036,0.9781864841745082,0.9611506339306177,0.750177282787755,0.0004262924194335,0.0007867568879171875,0.046332836151123,traffic light
9,0.9052227598865343,0.2342923283576965,0.934292957169294,0.9697980977807442,0.9593935256619607,0.6945560133792985,0.0004189014434814,0.0008229814704781228,0.0666229724884033,traffic sign
12,0.5987333182537887,0.2741879522800445,0.7495471204171162,0.8776294955892332,0.7829021884330408,0.6997777489187215,0.0004277229309082,0.0007753078820504849,0.0447652339935302,truck
