class,accuracy,min_confidence,avg_confidence,percentage_confidence_over_50,avg_confidence_correct_prediction,avg_confidence_incorrect_prediction,min_response_time,avg_response_time,max_response_time,class_label
0,0.6954022988505747,0.2720289826393127,0.8194730509873878,0.9072249589490968,0.8721054372638288,0.6993123200543807,0.0004451274871826,0.0008226916903540713,0.0429027080535888,bicycle
1,0.5640138408304498,0.2821484208106994,0.7350752365306292,0.8699950568462679,0.7783636728156355,0.679075116574629,0.0004267692565917,0.00077967848803694,0.0408470630645751,bus
2,0.9484928500394363,0.2387758493423462,0.932418207620496,0.9773327389321353,0.9469884150483102,0.6641110390146944,0.0002589225769042,0.0008097440264956342,0.049797773361206,car
3,0.34408602150537637,0.265650987625122,0.7227203624222869,0.8129032258064516,0.7339604904875159,0.7168239017979043,0.000500202178955,0.000752034751317789,0.0013391971588134,motorcycle
6,0.9207964601769911,0.2195812910795211,0.9182528124907903,0.9661504424778761,0.9398469305608435,0.6672061102350331,0.0004010200500488,0.0007863310586034236,0.0450019836425781,pedestrian
7,0.23125,0.2596394717693329,0.749425501562655,0.88125,0.6927890227855863,0.7664624911134805,0.0004582405090332,0.0008578021079301352,0.0397610664367675,rider
8,0.9304961505560307,0.2657846808433532,0.9501721794988682,0.9784003421727973,0.9697304212466187,0.6883324569005232,0.0004036426544189,0.0008213712783630246,0.0547573566436767,traffic light
9,0.925604670558799,0.2314875274896621,0.9408865310481631,0.9724770642201835,0.9614059817073453,0.6855895989678901,0.0003306865692138,0.0008025882440968986,0.0465044975280761,traffic sign
12,0.6252826775214835,0.2059630900621414,0.7661030430975191,0.8966530981456354,0.7910987389023006,0.7243932670563478,0.0004081726074218,0.0007925074006679253,0.0455079078674316,truck
