class,accuracy,min_confidence,avg_confidence,percentage_confidence_over_50,avg_confidence_correct_prediction,avg_confidence_incorrect_prediction,min_response_time,avg_response_time,max_response_time,class_label
0,0.7202625102543068,0.2735299170017242,0.810309753909866,0.8933552091878589,0.8693730681116326,0.6582347103053174,0.00020432472229,0.0008017371383428664,0.0437386035919189,bicycle
1,0.5642292490118577,0.282110184431076,0.7348825859399181,0.8695652173913043,0.7785983534754889,0.6782800842101883,0.0004065036773681,0.0007815732079531812,0.0402784347534179,bus
2,0.9505144032921811,0.2005543410778045,0.9321177179073028,0.9758916323731138,0.9470004540641195,0.6462516069866598,0.0002293586730957,0.0008145167422065191,0.0761017799377441,car
3,0.34408602150537637,0.2371739447116851,0.704228991943021,0.8,0.7251177944242955,0.6932709316249753,0.0004949569702148,0.000757935226604452,0.0016672611236572,motorcycle
6,0.8486725663716814,0.2095005810260772,0.8446894673449276,0.9411504424778762,0.8801775127649307,0.6456658675918105,0.000443696975708,0.0007862806320189937,0.0452456474304199,pedestrian
7,0.5242566510172144,0.2398251742124557,0.7604547452898652,0.9061032863849765,0.8106066307914791,0.7051886872535473,0.0003998279571533,0.0007635640426420337,0.0010182857513427,rider
8,0.932192513368984,0.2443006783723831,0.9503429519588297,0.9775401069518717,0.9700676319439403,0.6791752693874978,0.0004124641418457,0.000832786203068159,0.0453019142150878,traffic light
9,0.927463731865933,0.2413681149482727,0.9405656664574645,0.9716524929131233,0.9609173828483443,0.6803444099837336,0.0003819465637207,0.0008075339447881009,0.0436882972717285,traffic sign
12,0.6261026916987107,0.2045812308788299,0.7652623553812382,0.8952725627686043,0.7907907371597656,0.7225142847442367,0.0004322528839111,0.0008081803627074078,0.0437009334564209,truck
