class,accuracy,min_confidence,avg_confidence,percentage_confidence_over_50,avg_confidence_correct_prediction,avg_confidence_incorrect_prediction,min_response_time,avg_response_time,max_response_time,class_label
0,0.7175697865353038,0.233856201171875,0.8506824409922551,0.9458128078817734,0.8840403874283251,0.7659299840587516,0.0003809928894042,0.0008480174983858752,0.0445365905761718,bicycle
1,0.003954522985664854,0.4480347335338592,0.9678757707346682,0.9980227385071676,0.5730058774352074,0.9694434923954105,0.0004582405090332,0.0007593590495495158,0.002465009689331,bus
2,0.987654744350331,0.3014424443244934,0.9903491920071094,0.9963650080587085,0.994124144216382,0.6883425292869408,0.0003645420074462,0.0008267557206890354,0.0606634616851806,car
3,0.3118279569892473,0.2623219788074493,0.7863825155201779,0.8881720430107527,0.7407113120473664,0.8070772795937955,0.0004646778106689,0.0007569554031535662,0.0020577907562255,motorcycle
6,0.8444346094268643,0.259735494852066,0.8909153310525573,0.968798406727152,0.913373094583145,0.7690108849178168,0.0004274845123291,0.0007760965816212834,0.0356371402740478,pedestrian
7,0.378125,0.3149676322937011,0.7733193507418037,0.9140625,0.7557776046932236,0.7839854375351614,0.0004875659942626,0.0008553218096494189,0.0557577610015869,rider
8,0.5918716577540107,0.3022671043872833,0.816228991134919,0.9890909090909091,0.8177847590716169,0.8139728014699068,0.0003988742828369,0.0007948662762972908,0.0445747375488281,traffic light
9,0.7195264298816074,0.2900128662586212,0.8878097042394157,0.9899949974987494,0.9078616049516243,0.8363685915324124,0.0004229545593261,0.0007952331840663495,0.0479230880737304,traffic sign
12,0.0,0.3280558288097381,0.9801372866428907,0.9947987336047037,,0.9801372866428907,0.0004396438598632,0.0008079501526865305,0.0415167808532714,truck
