class,accuracy,min_confidence,avg_confidence,percentage_confidence_over_50,avg_confidence_correct_prediction,avg_confidence_incorrect_prediction,min_response_time,avg_response_time,max_response_time,class_label
0,0.7350597609561753,0.2957197427749634,0.821979990340324,0.9123505976095617,0.8755221181122591,0.6734307787023989,0.0004863739013671,0.0007688134789941299,0.0019493103027343,bicycle
1,0.5475,0.3062076568603515,0.7308177379518748,0.865,0.7782403108872236,0.6734390447317566,0.0004413127899169,0.000892211794853161,0.0436210632324218,bus
2,0.9534218933916261,0.2047197073698043,0.9332865910425755,0.9772994787287708,0.9468269416684617,0.6561249013358075,0.0003745555877685,0.0008199497974678136,0.054530382156372,car
3,0.3756345177664975,0.2435316890478134,0.7312041922722976,0.8426395939086294,0.7786419659450248,0.7026643934773236,0.0004599094390869,0.0007664685321942913,0.001255989074707,motorcycle
6,0.8836009174311926,0.2581933140754699,0.8751140422264644,0.9512614678899083,0.9039473697049984,0.6562364183623215,0.0004544258117675,0.000791703752421409,0.0450527667999267,pedestrian
7,0.39035087719298245,0.2688197195529938,0.7550911204072467,0.8991228070175439,0.7747672478134713,0.742492736672326,0.0004606246948242,0.0009543466986270877,0.0442824363708496,rider
8,0.9316604378003204,0.2767415046691894,0.9534736981827246,0.9802455953016551,0.9726646920500649,0.6918464771006256,0.0004212856292724,0.000788322057688308,0.045206069946289,traffic light
9,0.9288052373158756,0.242241159081459,0.942783833702389,0.9742225859247136,0.9619842574328578,0.6922955471037449,0.0004417896270751,0.0008427350493772418,0.0467684268951416,traffic sign
12,0.6126840317100792,0.2053628414869308,0.7639109938577374,0.8997734994337486,0.7885775731088053,0.7248916389605804,0.0004425048828125,0.0008349823654710012,0.0463697910308837,truck
