class,accuracy,min_confidence,avg_confidence,percentage_confidence_over_50,avg_confidence_correct_prediction,avg_confidence_incorrect_prediction,min_response_time,avg_response_time,max_response_time,class_label
0,0.9077669902912622,0.3293419480323791,0.9209112305808993,0.9684466019417476,0.94933566068583,0.641154997442898,0.0004205703735351,0.0007649278177797888,0.0010361671447753,bicycle
1,0.5675675675675675,0.2850584685802459,0.7358616743091348,0.8768768768768769,0.7781220521561052,0.6803949283849862,0.0004470348358154,0.0008356266909532951,0.045771837234497,bus
2,0.9421942194219421,0.2726573944091797,0.9327774930744246,0.98009800980098,0.9481583447539115,0.6820802548868021,0.0004246234893798,0.0007974695641942248,0.0461072921752929,car
3,0.1910828025477707,0.2584493458271026,0.7319064493391924,0.7961783439490446,0.6331813355286916,0.755227342365295,0.0005462169647216,0.000772895327039535,0.000990867614746,motorcycle
6,0.8270627062706271,0.2443116307258606,0.8517513012531961,0.9452145214521452,0.8835159117045254,0.6998388703542812,0.0004186630249023,0.0008409421436070103,0.0457406044006347,pedestrian
7,0.3302325581395349,0.2873052954673767,0.7457309819931208,0.8744186046511628,0.7706367457416695,0.7334510568115447,0.0005173683166503,0.0009649886641391009,0.0428895950317382,rider
8,0.9291237113402062,0.2770137786865234,0.9491409228672993,0.9774484536082474,0.9696013767081061,0.6809229734269056,0.0003926753997802,0.0007655427013475383,0.0022716522216796,traffic light
9,0.9176122348297977,0.2512844502925873,0.9308855529924185,0.9689195855944746,0.9549841755019721,0.6624817334249348,0.0004408359527587,0.000822567269316269,0.0460295677185058,traffic sign
12,0.6016894087069525,0.2341034412384033,0.7641339917280521,0.8927875243664717,0.7883027633310137,0.7276245586051443,0.0004608631134033,0.0008374062972536138,0.0440757274627685,truck
