class,accuracy,min_confidence,avg_confidence,percentage_confidence_over_50,avg_confidence_correct_prediction,avg_confidence_incorrect_prediction,min_response_time,avg_response_time,max_response_time,class_label
0,0.7675941080196399,0.2665541768074035,0.8903111556450396,0.9689034369885434,0.9176390800776004,0.8000520249487648,0.0003530979156494,0.0006263732129734886,0.0435705184936523,bicycle
1,0.6049019607843137,0.2687543034553528,0.7548077005673858,0.8627450980392157,0.8128989348052194,0.66586901192038,0.0003144741058349,0.0006494725451749422,0.0559706687927246,bus
2,0.8878088849339448,0.2323664128780365,0.8954950646662485,0.97248271613389,0.9173833610856175,0.7222850557832619,0.0002892017364501,0.000610615113847333,0.04640793800354,car
3,0.1095890410958904,0.3230469524860382,0.7748677555012377,0.8767123287671232,0.7208722978830338,0.7815133502850166,0.0003755092620849,0.0005491073817422465,0.0019257068634033,motorcycle
6,0.9803395889186773,0.3480192720890045,0.978088611359038,0.9968722073279714,0.9833292442500429,0.7167715985666622,0.0003519058227539,0.0005589013018705609,0.0026819705963134,pedestrian
7,0.057926829268292686,0.3283308744430542,0.8750177722696851,0.9634146341463414,0.6565394307437696,0.8884517155997576,0.0003314018249511,0.0005365014076232439,0.0017313957214355,rider
8,0.8942098389203309,0.2304631471633911,0.9404103163667071,0.9756203744013932,0.9650538686332824,0.7321063807471789,0.0003349781036376,0.0006045195970215084,0.041445255279541,traffic light
9,0.9073642119293569,0.2385016828775406,0.9315100561446327,0.9683438853715428,0.9587303042149132,0.6648887054418489,0.0003316402435302,0.000643482052537005,0.047220230102539,traffic sign
12,0.471900089206066,0.234545350074768,0.7169911486165637,0.8407671721677074,0.7304010776299384,0.7050082897515716,0.0003492832183837,0.0005722458505077022,0.0417208671569824,truck
