class,accuracy,min_confidence,avg_confidence,percentage_confidence_over_50,avg_confidence_correct_prediction,avg_confidence_incorrect_prediction,min_response_time,avg_response_time,max_response_time,class_label
0,0.7245901639344262,0.2735308706760406,0.8100354919668104,0.8967213114754098,0.8684439121058624,0.6563657199343046,0.0003485679626464,0.0005453266081262312,0.0025558471679687,bicycle
1,0.5593719332679097,0.2823001146316528,0.7356458257178212,0.8812561334641805,0.7803590753622223,0.6788829030066662,0.0003252029418945,0.0005800621081380755,0.0400710105895996,bus
2,0.9507905003079872,0.2005544304847717,0.9327754828301015,0.9778249264252961,0.94707106347948,0.6565665727033071,0.0003237724304199,0.0006087837861504248,0.0561177730560302,car
3,0.2876712328767123,0.2614616155624389,0.6961729379549418,0.7671232876712328,0.7084744686172122,0.6912050121105634,0.000352144241333,0.0005426352426885525,0.0020728111267089,motorcycle
6,0.8561215370866846,0.2095001935958862,0.8452850630019156,0.9423592493297587,0.8787104242747661,0.6463937828814761,0.0002861022949218,0.0005422688894126473,0.001948595046997,pedestrian
7,0.524390243902439,0.2398249357938766,0.7534479543839286,0.8841463414634146,0.8063953505005947,0.6950700561014506,0.0003590583801269,0.0005426486817801381,0.0015962123870849,rider
8,0.9286335944299391,0.2443002462387085,0.949448961553831,0.9747606614447345,0.9713342661961508,0.6646731072446195,0.0003361701965332,0.0006252205610482262,0.0474171638488769,traffic light
9,0.9293333333333333,0.2413688898086547,0.9411414506236712,0.9736666666666667,0.9617075292310722,0.6706781149753984,0.000319480895996,0.0006166077454884344,0.0467884540557861,traffic sign
12,0.6257805530776093,0.2045810371637344,0.7691434380880006,0.8965209634255129,0.7923492064283987,0.7303380829252134,0.0003387928009033,0.0005680240763817739,0.0414576530456543,truck
