class,accuracy,min_confidence,avg_confidence,percentage_confidence_over_50,avg_confidence_correct_prediction,avg_confidence_incorrect_prediction,min_response_time,avg_response_time,max_response_time,class_label
0,0.7032786885245902,0.274994283914566,0.8164652093512113,0.9114754098360656,0.8682112941097269,0.6938184117743982,0.0003387928009033,0.0006100240300912837,0.0425364971160888,bicycle
1,0.5593719332679097,0.3050600886344909,0.735753928187785,0.8802747791952895,0.7802753953034418,0.6792344710476415,0.0003333091735839,0.0005682717361674324,0.0401170253753662,bus
2,0.9490040386063385,0.2729470729827881,0.9329585536332157,0.9786433020740639,0.9468853351349991,0.6737895620349269,0.0003178119659423,0.0005917706784301323,0.0451529026031494,car
3,0.2831050228310502,0.2656503021717071,0.7095284656574737,0.7990867579908676,0.7203692394879556,0.705247395737156,0.0003633499145507,0.0005473121660484639,0.0026557445526123,motorcycle
6,0.9258266309204647,0.2195809930562973,0.9198015605276775,0.967828418230563,0.9410454232936085,0.6546372011842498,0.0003426074981689,0.0005350154462512144,0.0022039413452148,pedestrian
7,0.23708206686930092,0.2596392035484314,0.7446912938338283,0.8753799392097265,0.685746077925731,0.7630089306498904,0.0003468990325927,0.0006664813833033298,0.041398286819458,rider
8,0.9277318241184154,0.2657849788665771,0.9491581645772724,0.9751850239442751,0.9704068692594221,0.676381118326302,0.0003407001495361,0.0005932741700746125,0.0445587635040283,traffic light
9,0.9280239920026658,0.231488287448883,0.9409545655252138,0.9736754415194935,0.9616380144171484,0.6742721342102245,0.0003318786621093,0.0006194117862913205,0.0458536148071289,traffic sign
12,0.6248884924174843,0.2059628665447235,0.7699675298529369,0.8983050847457628,0.792599856002598,0.7322649270756775,0.0003454685211181,0.0005556774607308242,0.046703815460205,truck
