class,accuracy,min_confidence,avg_confidence,percentage_confidence_over_50,avg_confidence_correct_prediction,avg_confidence_incorrect_prediction,min_response_time,avg_response_time,max_response_time,class_label
0,0.9098360655737705,0.2267272174358368,0.9191437877103931,0.9590163934426229,0.9481535213487642,0.6264092028141022,0.0003387928009033,0.0005659357446138491,0.0024731159210205,bicycle
1,0.5446516192345436,0.2850593030452728,0.737012215404679,0.8763493621197253,0.778153154549298,0.6878026869019558,0.0003457069396972,0.0005710478268848404,0.0440382957458496,bus
2,0.9416113354781299,0.258689820766449,0.932682987869916,0.9791909097131904,0.9482097487163322,0.6822889407382621,0.0003125667572021,0.0006001642723169176,0.0435218811035156,car
3,0.182648401826484,0.2477754056453704,0.7413316397634271,0.8036529680365296,0.6607360042631626,0.7593418376405812,0.0003480911254882,0.000545716176838584,0.0018150806427001,motorcycle
6,0.8289414917373827,0.2443115711212158,0.8522706205235788,0.9428316212594908,0.8863362667696744,0.6871900998114294,0.0003442764282226,0.0005614864022244645,0.041644811630249,pedestrian
7,0.331306990881459,0.2873052954673767,0.7346289340848257,0.8723404255319149,0.7448666792943937,0.7295565966855396,0.0003466606140136,0.0006825402152574043,0.0406363010406494,rider
8,0.9264257727470614,0.2442506253719329,0.9472472329969036,0.9747496734871571,0.9696619219909933,0.6650078354855261,0.000342845916748,0.0006014236845448609,0.0406265258789062,traffic light
9,0.9166944351882705,0.2512842416763305,0.9327995539386842,0.9700099966677774,0.9568978846506482,0.6676215227842331,0.0003371238708496,0.0006292648849308859,0.0464863777160644,traffic sign
12,0.607318161535029,0.2341036051511764,0.7664528180517186,0.891120035698349,0.7913069731167885,0.7280136077749458,0.0003402233123779,0.000545822153768017,0.0022485256195068,truck
