class,accuracy,min_confidence,avg_confidence,percentage_confidence_over_50,avg_confidence_correct_prediction,avg_confidence_incorrect_prediction,min_response_time,avg_response_time,max_response_time,class_label
0,0.7262295081967213,0.2883409261703491,0.8178547529412098,0.9081967213114754,0.8759586631444453,0.6637228234799323,0.0003445148468017,0.0005966577373566656,0.038529634475708,bicycle
1,0.5594886922320551,0.2859845161437988,0.736219583974827,0.8810226155358899,0.7803808926802738,0.6801307789449181,0.0003340244293212,0.0005436597672183471,0.0023224353790283,bus
2,0.9509017348967976,0.2047198265790939,0.9337240175605188,0.9790166632380168,0.9477123561581666,0.662807409552722,0.0001685619354248,0.0005550655589168278,0.0492584705352783,car
3,0.3059360730593607,0.2717102766036987,0.7045889313090338,0.8082191780821918,0.7325650524737229,0.6922573515851247,0.0003638267517089,0.0005464107478589808,0.0020833015441894,motorcycle
6,0.8890380313199105,0.2178014665842056,0.8763504086524848,0.9543624161073826,0.9055738850310633,0.6422090878289554,0.000293493270874,0.0005459596646711617,0.0024349689483642,pedestrian
7,0.3951367781155015,0.2688194215297699,0.7320716939979773,0.851063829787234,0.7529668922607715,0.7184215644795691,0.0003674030303955,0.0006790835081986988,0.0398426055908203,rider
8,0.9289760348583878,0.2531809210777282,0.9501678684957666,0.9751633986928104,0.9715954580712944,0.6699002551520529,0.000328779220581,0.0005639807590991098,0.0408501625061035,traffic light
9,0.929144385026738,0.2422419190406799,0.9413692636644457,0.9752673796791443,0.9617450772000732,0.6741769918293323,0.0003290176391601,0.0005635871766084793,0.0387959480285644,traffic sign
12,0.6257805530776093,0.2053626477718353,0.7696513586763183,0.8965209634255129,0.7926976319644082,0.7311127157404539,0.0003416538238525,0.0005919501570906131,0.0528643131256103,truck
