class,accuracy,min_confidence,avg_confidence,percentage_confidence_over_50,avg_confidence_correct_prediction,avg_confidence_incorrect_prediction,min_response_time,avg_response_time,max_response_time,class_label
0,0.4885245901639344,0.2622541189193725,0.8188221313914315,0.9295081967213115,0.843948541071591,0.7948231888123047,0.0003461837768554,0.0005358230872231888,0.0018692016601562,bicycle
1,0.55,0.2656097114086151,0.7182384421720224,0.8480392156862745,0.7752563632533299,0.6485498719615355,0.0003280639648437,0.0006084019062565327,0.0443735122680664,bus
2,0.8505235781260694,0.2570912539958954,0.8507073056191179,0.9698857025528711,0.871966624248917,0.7297413932507509,0.0002973079681396,0.0006128039075138058,0.0560665130615234,car
3,0.1780821917808219,0.2747782766819,0.7522933334792585,0.8538812785388128,0.7453592717647552,0.7537957135174009,0.0003573894500732,0.0005476474761962397,0.0020277500152587,motorcycle
6,0.9883824843610366,0.3498352169990539,0.9826860763565358,0.9941912421805184,0.9860262551343247,0.6985139434154217,0.0003004074096679,0.0005647851698519554,0.0024409294128417,pedestrian
7,0.1458966565349544,0.3583144247531891,0.8559900162611327,0.9665653495440729,0.7291349383691946,0.8776592110611791,0.0003736019134521,0.0005610308023933449,0.0020623207092285,rider
8,0.8881636205395996,0.2783753871917724,0.9385116061145478,0.9738903394255874,0.9635015333300417,0.7400507444537567,0.0003314018249511,0.0006041942833816132,0.0446460247039794,traffic light
9,0.907,0.2342915683984756,0.9347662355353434,0.9733333333333334,0.9599393505092405,0.6892606948759393,0.0003032684326171,0.0006330669720967123,0.0508549213409423,traffic sign
12,0.5990187332738626,0.2807308435440063,0.7532808275014348,0.8791257805530777,0.7843870298461246,0.7068118288930717,0.0003430843353271,0.000568921176798054,0.0433528423309326,truck
