class,accuracy,min_confidence,avg_confidence,percentage_confidence_over_50,avg_confidence_correct_prediction,avg_confidence_incorrect_prediction,min_response_time,avg_response_time,max_response_time,class_label
0,0.7180327868852459,0.2338561713695526,0.8460021569103491,0.940983606557377,0.8851659576234208,0.7462710830014806,0.0003345012664794,0.0005431824043148362,0.0020058155059814,bicycle
1,0.0058823529411764705,0.4480351507663727,0.9664059143732576,0.996078431372549,0.5692577064037323,0.9687559037695269,0.0003244876861572,0.0005904323914471297,0.0433886051177978,bus
2,0.9882280473615769,0.3148826658725738,0.9905538439452872,0.9968516870850729,0.9939363656285743,0.7065990149628284,0.0002970695495605,0.0005915360597277495,0.0479328632354736,car
3,0.2694063926940639,0.2623225152492523,0.7731669434945877,0.8812785388127854,0.7182900370177576,0.7934028027579189,0.0003468990325927,0.0005248213467532141,0.0022158622741699,motorcycle
6,0.8480786416443253,0.2597357034683227,0.8901532305682526,0.9722966934763181,0.9133398823196694,0.760717156967696,0.0003333091735839,0.0005391037176505005,0.0024993419647216,pedestrian
7,0.3617021276595745,0.31961390376091,0.77112070831122,0.9118541033434651,0.7595517086882552,0.7776764747642335,0.0003612041473388,0.0005348402678422499,0.0016465187072753,rider
8,0.5968654767087506,0.3022675216197967,0.8156061194671669,0.9895515890291685,0.816605710922411,0.8141261627877505,0.0003483295440673,0.0005969887045501494,0.0422024726867675,traffic light
9,0.724758413862046,0.2900115847587585,0.8883739515111193,0.9906697767410862,0.9078477530232791,0.8370960843332166,0.0003368854522705,0.0006237059424456085,0.0437638759613037,traffic sign
12,0.0,0.3280559182167053,0.980168993110427,0.9950936663693131,,0.980168993110427,0.0003347396850585,0.0005556518323286985,0.0399622917175293,truck
