class,accuracy,min_confidence,avg_confidence,percentage_confidence_over_50,avg_confidence_correct_prediction,avg_confidence_incorrect_prediction,min_response_time,avg_response_time,max_response_time,class_label
0,0.806930693069307,0.2267272174358368,0.8628667802995581,0.9224422442244224,0.9134111914532316,0.6516170618880508,0.0003561973571777,0.0005519791404799179,0.0073206424713134,bicycle
1,0.5498519249753209,0.2907818853855133,0.7354306872246413,0.8756169792694966,0.7793097908021732,0.6818327471091036,0.0003066062927246,0.0005890800592811756,0.0396232604980468,bus
2,0.9444980030298857,0.1790991276502609,0.931269844896725,0.9770004131662305,0.9468835536015733,0.6655655910559091,0.0003120899200439,0.0006083886233624672,0.0469493865966796,car
3,0.21296296296296297,0.2477754056453704,0.7308628069305861,0.8101851851851852,0.6903004017860993,0.7418385165579179,0.0003759860992431,0.0005615585380129847,0.0017821788787841,motorcycle
6,0.7585431654676259,0.2421634346246719,0.8112049179098053,0.9303057553956835,0.8511083186662048,0.6858473069674476,0.0003101825714111,0.000570054748933043,0.0445234775543212,pedestrian
7,0.46319018404907975,0.2873052954673767,0.7588465275025806,0.8834355828220859,0.8096419312306588,0.7150173505714962,0.0003652572631835,0.0005485031502377991,0.0024328231811523,rider
8,0.9261363636363636,0.2442506253719329,0.9476321469992399,0.9755244755244755,0.9699000193860071,0.6684272855343903,0.0003228187561035,0.0006075572300623689,0.0449011325836181,traffic light
9,0.920066889632107,0.2378850430250167,0.9359099965878952,0.9698996655518395,0.9591743334754083,0.6681267715772325,0.000349998474121,0.0006218314569530187,0.0512020587921142,traffic sign
12,0.6132794975325258,0.194173663854599,0.7671002411171158,0.8905338716913415,0.7922372078712439,0.7272368611253608,0.0003266334533691,0.0005719068072846083,0.042691946029663,truck
