class,accuracy,min_confidence,avg_confidence,percentage_confidence_over_50,avg_confidence_correct_prediction,avg_confidence_incorrect_prediction,min_response_time,avg_response_time,max_response_time,class_label
0,0.7297297297297297,0.3037603199481964,0.8167608386358699,0.8986486486486487,0.8706555814470773,0.6712450330456098,0.0003128051757812,0.0005465633160358669,0.0019295215606689,bicycle
1,0.579092159559835,0.291461318731308,0.7345956180249809,0.8858321870701513,0.7813114190469729,0.6703232251156389,0.0003237724304199,0.0006295572120844431,0.0529365539550781,bus
2,0.9502204261572373,0.209385335445404,0.9313860417348466,0.9781410727406319,0.9457229615127744,0.6577148756417841,0.0002987384796142,0.0005671261514835583,0.0471467971801757,car
3,0.33532934131736525,0.2657714784145355,0.7008300873333823,0.7844311377245509,0.7217789702117443,0.6902612815569112,0.0003650188446044,0.0005389687543857108,0.0021281242370605,motorcycle
6,0.8839177750906893,0.221384972333908,0.8688318915169646,0.9498186215235792,0.8982774029025953,0.6446165912784636,0.0003104209899902,0.0005471942790906195,0.002415657043457,pedestrian
7,0.43776824034334766,0.268888771533966,0.7468624201966969,0.8583690987124464,0.7778654349785225,0.7227226682291686,0.0003037452697753,0.0007274396429757227,0.0433559417724609,rider
8,0.9323442136498516,0.2787731289863586,0.9524382008466239,0.9780415430267062,0.9717004172442295,0.6869913415427793,0.000321626663208,0.0005546095816954166,0.0037407875061035,traffic light
9,0.930648769574944,0.245671197772026,0.9406738218778465,0.9722595078299776,0.961092492680137,0.66666843304711,0.0003128051757812,0.0006685911942381233,0.1759240627288818,traffic sign
12,0.6264061574896388,0.1914716362953186,0.7666583752723894,0.8975725281231498,0.7919085256487751,0.7243213560993056,0.0003161430358886,0.0005533707925311561,0.0031085014343261,truck
