model_id,avg_throughput(req/s),min_throughput(req/s),max_throughput(req/s)
VGG,16.88800847986485,14.943959226541912,18.403611620323186
VGG_7,16.341456061411414,14.236824873711646,18.177938107263383
VGG_2_7,16.350023028818747,14.811826976357143,17.623819155240728
VGG_7_6,15.84517230623706,14.434947193053667,17.774659503695773
VGG_6_7,17.265871335769013,14.870925713976952,18.290402987652037
VGG_2_12,16.260926596760754,15.091770130211955,17.150603153298718
VGG_6,16.626033142566694,15.020416652774802,17.583298401951648
VGG_3_6,16.292561132787757,13.835922014731056,17.49141860803588
VGG_0,16.700583767349954,15.38231788054211,17.895605441166808
