class,accuracy,avg_confidence,min_confidence,avg_response_time,min_response_time,max_response_time,class_label
0,0.7108433734939759,0.8653001487255096,0.2665548622608185,0.0005609730640089132,0.0004210472106933,0.0013058185577392,bicycle
1,0.6617647058823529,0.7540798189447206,0.3403893113136291,0.0005657795597524677,0.0004169940948486,0.0017440319061279,bus
2,0.8932975871313673,0.8963079080984356,0.2653318047523498,0.0005867401971893216,0.0004169940948486,0.0062358379364013,car
3,0.1875,0.7712108511477709,0.3712183237075805,0.0006074830889701313,0.0004270076751708,0.0014991760253906,motorcycle
6,0.9679715302491103,0.9731982180656488,0.4203925132751465,0.0005758784419700736,0.0003950595855712,0.002126932144165,pedestrian
7,0.024390243902439025,0.9172485616148972,0.3583418130874634,0.0005439607108511,0.0004229545593261,0.0008361339569091,rider
8,0.9190140845070423,0.9461184787288518,0.3487578332424164,0.0005632378685641825,0.0003919601440429,0.0017600059509277,traffic light
9,0.919889502762431,0.9287272058633151,0.3323727250099182,0.0005882174929202083,0.0004189014434814,0.0026488304138183,traffic sign
12,0.45185185185185184,0.7097354590892792,0.2405398786067962,0.0005777058777985233,0.0004208087921142,0.0022120475769042,truck
