class,accuracy,avg_confidence,min_confidence,avg_response_time,min_response_time,max_response_time,class_label
0,0.708333333,0.788465588,0.358098447,0.000608332,0.000453949,0.001428843,bicycle
1,0.422413793,0.733192628,0.367588609,0.000588203,0.000448942,0.000889778,bus
2,0.961983471,0.94506318,0.204719737,0.000576131,0.000256062,0.00210619,car
3,0.315789474,0.793593145,0.441302627,0.000565943,0.000458002,0.000805855,motorcycle
6,0.84765625,0.869122553,0.274970084,0.000584426,0.000454903,0.001776695,pedestrian
7,0.433333333,0.802672595,0.402145684,0.000560355,0.000459909,0.001113176,rider
8,0.867109635,0.929077187,0.276741505,0.000567687,0.000452995,0.000846148,traffic light
9,0.864640884,0.929050652,0.30960688,0.000573396,0.000454903,0.002099991,traffic sign
12,0.476,0.789872039,0.268755585,0.000567911,0.000455856,0.000945091,truck