class,accuracy,avg_confidence,min_confidence,avg_response_time,min_response_time,max_response_time,class_label
0,0.692307692,0.827009277,0.341499567,0.000613851,0.000458002,0.00118804,bicycle
1,0.588709677,0.73809786,0.352194101,0.000653896,0.000462055,0.002056837,bus
2,0.950440529,0.93360189,0.343142152,0.000645652,0.000447035,0.004648209,car
3,0.166666667,0.634075365,0.302935809,0.000656915,0.000465155,0.001884937,motorcycle
6,0.70890411,0.769910553,0.218919173,0.000629116,0.00045681,0.001602888,pedestrian
7,0.682926829,0.817070939,0.385809928,0.000650243,0.000463963,0.00158906,rider
8,0.937716263,0.943375398,0.386612535,0.000621203,0.000454903,0.001580954,traffic light
9,0.93175853,0.941949452,0.358575106,0.000641225,0.000457048,0.00158,traffic sign
12,0.63028169,0.765150648,0.318167269,0.000652525,0.000458002,0.001917124,truck