class,accuracy,avg_confidence,min_confidence,avg_response_time,min_response_time,max_response_time,class_label
0,0.493506494,0.832325441,0.39372313,0.000584553,0.000452757,0.001033068,bicycle
1,0.538461538,0.716695019,0.319140047,0.000585277,0.000449181,0.001319885,bus
2,0.885057471,0.870479667,0.332735032,0.00058095,0.00044632,0.002421141,car
3,0.166666667,0.742457113,0.331381828,0.000556979,0.000452042,0.000785828,motorcycle
6,0.954545455,0.956200574,0.316919237,0.000576014,0.000447989,0.001296759,pedestrian
7,0.272727273,0.773825448,0.38321805,0.00057667,0.000461102,0.000890017,rider
8,0.926923077,0.949226567,0.402100086,0.000579693,0.000451088,0.000849724,traffic light
9,0.929319372,0.942639606,0.372197837,0.000577677,0.000445366,0.000951052,traffic sign
12,0.597938144,0.755023516,0.313129961,0.000586651,0.000448942,0.002388954,truck