class,accuracy,avg_confidence,min_confidence,avg_response_time,min_response_time,max_response_time,class_label
0,0.742424242,0.845667762,0.314741552,0.000561916,0.00044322,0.000820875,bicycle
1,0.595419847,0.732486989,0.388786137,0.00059027,0.000444174,0.00085187,bus
2,0.952434247,0.933809069,0.267462552,0.00057137,0.000377655,0.001805067,car
3,0.4,0.658892256,0.267681241,0.000607357,0.000451088,0.000781059,motorcycle
6,0.88973384,0.868973373,0.287365615,0.000573674,0.000439167,0.000887156,pedestrian
7,0.421052632,0.77443267,0.350325435,0.000554926,0.000450134,0.000835896,rider
8,0.916943522,0.950100101,0.366189122,0.000573171,0.000442982,0.00140214,traffic light
9,0.935211268,0.945303309,0.32424894,0.000578315,0.000442743,0.000962973,traffic sign
12,0.609665428,0.773929881,0.344514698,0.00057824,0.000438929,0.001314878,truck