class,accuracy,avg_confidence,min_confidence,avg_response_time,min_response_time,max_response_time,class_label
0,0.734375,0.81940522,0.371946484,0.000621051,0.000451803,0.000909805,bicycle
1,0.5859375,0.753165013,0.282300413,0.000601221,0.000440121,0.000887632,bus
2,0.952683208,0.932804825,0.31693998,0.000600642,0.000334024,0.00319171,car
3,0.322580645,0.720851387,0.421160102,0.000562676,0.000439167,0.000752926,motorcycle
6,0.863309353,0.863305261,0.383469909,0.000607191,0.000449896,0.005017757,pedestrian
7,0.421052632,0.765793707,0.367365271,0.000536461,0.000460148,0.000839949,rider
8,0.933333333,0.955620356,0.33801645,0.00060348,0.000440121,0.001768112,traffic light
9,0.941025641,0.931090105,0.29339394,0.000591723,0.000313759,0.001365185,traffic sign
12,0.651515152,0.76886142,0.348510712,0.000586259,0.00044322,0.001189232,truck