class,accuracy,avg_confidence,min_confidence,avg_response_time,min_response_time,max_response_time,class_label
0,0.708502024291498,0.8198386587594685,0.3204423189163208,0.0006537138209168738,0.0004339218139648,0.0017011165618896,bicycle
1,0.5552825552825553,0.7458001211175754,0.3050699532032013,0.0006247990254394668,0.0004260540008544,0.00152587890625,bus
2,0.9493513417451572,0.9328074981369937,0.2279715687036514,0.0006364688836004513,0.0003948211669921,0.0048131942749023,car
3,0.30434782608695654,0.7256994814328526,0.3051687180995941,0.0006460910258085337,0.0004360675811767,0.0015389919281005,motorcycle
6,0.8919213973799127,0.8832583041560702,0.2178019434213638,0.0006421700315183457,0.0004189014434814,0.0057709217071533,pedestrian
7,0.46153846153846156,0.7105646236584737,0.2893919050693512,0.0006319504517774762,0.000436782836914,0.001418113708496,rider
8,0.9185918591859186,0.9390199378837716,0.2531819641590118,0.0006316188144998095,0.000385046005249,0.0030751228332519,traffic light
9,0.9165927240461402,0.9336291324700945,0.2664029598236084,0.0006260302813579413,0.0004079341888427,0.0023581981658935,traffic sign
12,0.619277108433735,0.7763901878552264,0.2655106782913208,0.0006229400634765135,0.0004181861877441,0.0017111301422119,truck
