class,accuracy,avg_confidence,min_confidence,avg_response_time,min_response_time,max_response_time,class_label
0,0.6356275303643725,0.7946330907373775,0.3031753301620483,0.0007096707579577489,0.0004329681396484,0.0016419887542724,bicycle
1,0.5742574257425742,0.7297768338334443,0.2616517543792724,0.0007257609084100483,0.000303030014038,0.0018422603607177,bus
2,0.9435321715817694,0.9301766092831584,0.2743535339832306,0.0007538244567671173,0.0003042221069335,0.0526871681213378,car
3,0.2891566265060241,0.6926551547395178,0.285405695438385,0.0006813945540462144,0.0004439353942871,0.0020003318786621,motorcycle
6,0.6524390243902439,0.7628723377498184,0.2608191072940826,0.0007398499221336054,0.0003409385681152,0.0041131973266601,pedestrian
7,0.7266187050359713,0.8139969882347601,0.3032116293907165,0.0007077807145152525,0.0002539157867431,0.0015697479248046,rider
8,0.9286452947259566,0.9446320840096892,0.2656949460506439,0.0007616529297063856,0.0004410743713378,0.0082559585571289,traffic light
9,0.9286846275752774,0.9408424801758466,0.3187231719493866,0.0007468522445146218,0.0004410743713378,0.0052518844604492,traffic sign
12,0.6233230134158927,0.7615935211949304,0.2344169318675995,0.0007556513244030038,0.0004389286041259,0.005336046218872,truck
