class,accuracy,avg_confidence,min_confidence,avg_response_time,min_response_time,max_response_time,class_label
0,0.9135802469135802,0.9253676781438506,0.2975907921791076,0.0005770073015502939,0.0004398822784423,0.0010960102081298,bicycle
1,0.5109289617486339,0.7351426386116632,0.2952091097831726,0.0005564383470295079,0.0004217624664306,0.0008559226989746,bus
2,0.9434060228452752,0.9316278244228502,0.272657036781311,0.0005739727990772868,0.0004088878631591,0.0049653053283691,car
3,0.19801980198019803,0.746847540730297,0.382120281457901,0.0005787811656989188,0.0004439353942871,0.0008368492126464,motorcycle
6,0.8228155339805825,0.8512379811371414,0.2966007888317108,0.0005725335727617093,0.0004301071166992,0.0017688274383544,pedestrian
7,0.35353535353535354,0.7700463539422161,0.2925105392932892,0.0005875115442757181,0.0004348754882812,0.0008120536804199,rider
8,0.9297297297297298,0.9485389241978929,0.2770138382911682,0.0005732500230943345,0.0004332065582275,0.0019967555999755,traffic light
9,0.9140495867768595,0.9323568617755716,0.2761852145195007,0.0005665627392855055,0.0002739429473876,0.00154709815979,traffic sign
12,0.5867287543655413,0.7533944280377922,0.300456702709198,0.0005738044090403734,0.0004327297210693,0.0025091171264648,truck
