model_id,risk_level_1(%),risk_level_2(%),risk_level_3(%)
VGG,13.061667183142237,29.367088607594937,0.0
VGG_7,13.048228500078041,28.60824742268041,0.0
VGG_2_7,13.580630141238553,29.328914664457333,0.0
VGG_7_6,14.154200230149597,28.48708487084871,0.0
VGG_6_7,12.476837554045707,29.040404040404038,0.0
VGG_2_12,13.678431372549019,28.26969943135662,0.0
VGG_6,13.558558558558559,30.62700964630225,0.0
VGG_3_6,13.999694329818126,31.23446561723281,0.0
VGG_0,12.481066343532262,28.476269775187347,0.0
