class,accuracy,avg_confidence,min_confidence,avg_response_time,min_response_time,max_response_time,class_label
0,0.88,0.901372652053833,0.354223370552063,0.000575660069783484,0.0004370212554931,0.0009379386901855,bicycle
1,0.48360655737704916,0.7271252364897337,0.2850584089756012,0.0005990794447601319,0.0004329681396484,0.0037000179290771,bus
2,0.9331860850358917,0.9263322329007744,0.3221407532691955,0.000572750938327009,0.0004260540008544,0.0026507377624511,car
3,0.3,0.7781528890132904,0.2584494650363922,0.0005749305089314266,0.0004458427429199,0.0007798671722412,motorcycle
6,0.8581560283687943,0.8712274341295797,0.316880315542221,0.0005666567078718429,0.0004396438598632,0.0019299983978271,pedestrian
7,0.25806451612903225,0.7687706283984646,0.3400599956512451,0.0005583916940996226,0.0004479885101318,0.000798225402832,rider
8,0.9311594202898551,0.9572833086485448,0.3539793491363525,0.0005738778390745728,0.0004341602325439,0.0018470287322998,traffic light
9,0.914572864321608,0.9271362878419646,0.2512843310832977,0.0005660362579115183,0.0004389286041259,0.0009207725524902,traffic sign
12,0.5963636363636363,0.762864303263751,0.2683875262737274,0.0005733550678599473,0.0004389286041259,0.0017979145050048,truck
