class,accuracy,min_confidence,avg_confidence,percentage_confidence_over_50,avg_confidence_correct_prediction,avg_confidence_incorrect_prediction,min_response_time,avg_response_time,max_response_time,class_label
0,0.7206375838926175,0.2883418500423431,0.8190629433515488,0.9052013422818792,0.8765088031122654,0.670876776581412,0.000270128250122,0.0018837485937463665,0.0497117042541503,bicycle
