class,accuracy,avg_confidence,min_confidence,avg_response_time,min_response_time,max_response_time,class_label
0,0.47619047619047616,0.812892087395229,0.3142537474632263,0.0006195477076938698,0.0004198551177978,0.0017879009246826,bicycle
1,0.5193236714975845,0.7194180462671362,0.2966786324977875,0.0006093806114749136,0.0004339218139648,0.0016162395477294,bus
2,0.8549591801285392,0.8550007707447937,0.2418041378259658,0.0006171752538079217,0.0003631114959716,0.0049331188201904,car
3,0.2631578947368421,0.7532061984664515,0.3715939223766327,0.0006355235451145664,0.000432014465332,0.0015199184417724,motorcycle
6,0.973421926910299,0.9730601804465022,0.366551399230957,0.0006197966874503376,0.0003561973571777,0.0025601387023925,pedestrian
7,0.13178294573643412,0.8609556960043057,0.3583141565322876,0.0006207255429999332,0.0004341602325439,0.0017290115356445,rider
8,0.9049217002237137,0.9426865532694247,0.3000125288963318,0.0006129005611342389,0.0004029273986816,0.0022158622741699,traffic light
9,0.9064124783362218,0.9391152377868236,0.2342922687530517,0.00062748898253279,0.0003290176391601,0.0025637149810791,traffic sign
12,0.5828505214368482,0.7538926410440222,0.2741879522800445,0.0006195902133733399,0.0004000663757324,0.0048210620880126,truck
