class,accuracy,avg_confidence,min_confidence,avg_response_time,min_response_time,max_response_time,class_label
0,0.7298578199052133,0.8258247237069912,0.3054819405078888,0.000665247722824556,0.0004286766052246,0.0020139217376708,bicycle
1,0.5867346938775511,0.7492917649904076,0.2823004126548767,0.0006870536171659642,0.0004208087921142,0.0019829273223876,bus
2,0.9506372285047567,0.9328786457671958,0.2920615971088409,0.0007046472018420624,0.0001952648162841,0.0063521862030029,car
3,0.3157894736842105,0.6700314528063724,0.2395697832107544,0.0007450204146535273,0.0004379749298095,0.0028321743011474,motorcycle
6,0.8456937799043063,0.8471336459749909,0.2189191728830337,0.0007099540610061968,0.0004291534423828,0.0062861442565917,pedestrian
7,0.5245901639344263,0.7637179852997671,0.3673652708530426,0.0006833369614647532,0.0004301071166992,0.0017130374908447,rider
8,0.9334098737083811,0.9518668541746763,0.3048098683357239,0.0006982305704109764,0.0004198551177978,0.0057339668273925,traffic light
9,0.9382504288164666,0.941453934482604,0.2933939397335052,0.0006937142301791248,0.0004301071166992,0.0022320747375488,traffic sign
12,0.6221419975932612,0.7623017243099557,0.2767342925071716,0.00069104950924351,0.0004339218139648,0.0056452751159667,truck
