Feedback,Accuracy
0*,88.29193604
0,92.10564
5,95.17270973
10,94.01136634
15,94.96721261
20,93.51351
25,94.41321
30,92.1653
35,93.3541
40,92.9142
50,90.4132
60,91.3218
100,90.071