class,accuracy,avg_confidence,min_confidence,avg_response_time,min_response_time,max_response_time,class_label
0,0.676056338028169,0.7978835861447832,0.3556097149848938,0.0005746928738875606,0.000446081161499,0.000828742980957,bicycle
1,0.5952380952380952,0.7394209440265384,0.3648531138896942,0.0005744336143372064,0.0004422664642333,0.0008749961853027,bus
2,0.9174503657262278,0.9146353549624685,0.2767846584320068,0.0005794570488366212,0.0002508163452148,0.0030059814453125,car
3,0.4375,0.698410234414041,0.3108528554439544,0.0005806088447570219,0.0004491806030273,0.00132417678833,motorcycle
6,0.9323843416370107,0.9395566065116285,0.2960819005966186,0.0006032422768263171,0.0004451274871826,0.0069520473480224,pedestrian
7,0.29545454545454547,0.7893938571214676,0.3372915685176849,0.0005545345219698295,0.0004551410675048,0.0008020401000976,rider
8,0.9187279151943463,0.9473917271560157,0.3047564923763275,0.0005748381463040258,0.0004370212554931,0.0020821094512939,traffic light
9,0.935064935064935,0.946851742809469,0.3213769495487213,0.0005774671381169623,0.0004363059997558,0.0012307167053222,traffic sign
12,0.5799256505576208,0.7562028636054922,0.3280544579029083,0.0005725954545031215,0.0004420280456542,0.0020480155944824,truck
