class,accuracy,avg_confidence,min_confidence,avg_response_time,min_response_time,max_response_time,class_label
0,0.6923076923076923,0.8270092774660159,0.3414995670318603,0.0006138514249752256,0.0004580020904541,0.001188039779663,bicycle
1,0.5887096774193549,0.7380978602074808,0.3521941006183624,0.0006538956396040911,0.0004620552062988,0.0020568370819091,bus
2,0.9504405286343612,0.9336018898249461,0.3431421518325805,0.0006456516912854753,0.0004470348358154,0.004648208618164,car
3,0.16666666666666666,0.6340753654638926,0.3029358088970184,0.00065691471099848,0.0004651546478271,0.0018849372863769,motorcycle
6,0.708904109589041,0.7699105533937068,0.2189191728830337,0.0006291155945764349,0.0004568099975585,0.0016028881072998,pedestrian
7,0.6829268292682927,0.8170709391919578,0.3858099281787872,0.0006502430613447537,0.0004639625549316,0.0015890598297119,rider
8,0.9377162629757786,0.9433753975122445,0.3866125345230102,0.0006212033202490932,0.0004549026489257,0.0015809535980224,traffic light
9,0.931758530183727,0.9419494522368814,0.3585751056671142,0.0006412245782966851,0.0004570484161376,0.001579999923706,traffic sign
12,0.6302816901408451,0.7651506483974592,0.3181672692298889,0.0006525247869356782,0.0004580020904541,0.0019171237945556,truck
