class,accuracy,avg_confidence,min_confidence,avg_response_time,min_response_time,max_response_time,class_label
0,0.4935064935064935,0.8323254407226265,0.3937231302261352,0.0005845528144340558,0.0004527568817138,0.001033067703247,bicycle
1,0.5384615384615384,0.7166950188131413,0.3191400468349457,0.0005852768563816222,0.0004491806030273,0.0013198852539062,bus
2,0.8850574712643678,0.8704796666549606,0.3327350318431854,0.0005809496058488082,0.0004463195800781,0.0024211406707763,car
3,0.16666666666666666,0.7424571125043763,0.3313818275928497,0.0005569789144727389,0.0004520416259765,0.0007858276367187,motorcycle
6,0.9545454545454546,0.9562005735933781,0.3169192373752594,0.0005760138685052564,0.0004479885101318,0.0012967586517333,pedestrian
7,0.2727272727272727,0.7738254476677288,0.3832180500030517,0.0005766695195977849,0.0004611015319824,0.0008900165557861,rider
8,0.926923076923077,0.9492265668052894,0.4021000862121582,0.0005796927672165616,0.0004510879516601,0.0008497238159179,traffic light
9,0.9293193717277487,0.9426396058492011,0.3721978366374969,0.0005776769827797298,0.0004453659057617,0.0009510517120361,traffic sign
12,0.5979381443298969,0.7550235162281089,0.3131299614906311,0.0005866514448447217,0.0004489421844482,0.0023889541625976,truck
