class,accuracy,avg_confidence,min_confidence,avg_response_time,min_response_time,max_response_time,class_label
0,0.7710843373493976,0.8694446270006249,0.3938027322292328,0.0005623001650154783,0.0004570484161376,0.0013539791107177,bicycle
1,0.06306306306306306,0.9300802758148125,0.46626877784729,0.0005726728353413954,0.0004568099975585,0.0008151531219482,bus
2,0.978310502283105,0.9790697602988923,0.2770887315273285,0.0005815250960658718,0.0004520416259765,0.004868745803833,car
3,0.29411764705882354,0.813219443840139,0.2657706141471863,0.0005618894801419882,0.0004618167877197,0.0008189678192138,motorcycle
6,0.8451882845188284,0.872201897609184,0.415704607963562,0.000566647142545897,0.0004560947418212,0.0009241104125976,pedestrian
7,0.36363636363636365,0.8063260741306074,0.4950798451900482,0.0005825288367993424,0.0004642009735107,0.0007307529449462,rider
8,0.6337579617834395,0.8424429086742887,0.3672061860561371,0.0005618478082547033,0.0004580020904541,0.0008699893951416,traffic light
9,0.75,0.9070517301083879,0.3333623111248016,0.0005888526744030399,0.0004560947418212,0.0008728504180908,traffic sign
12,0.06474820143884892,0.9531059861183167,0.3830584585666656,0.0005953363377412809,0.0004549026489257,0.002216100692749,truck
