class,accuracy,avg_confidence,min_confidence,avg_response_time,min_response_time,max_response_time,class_label
0,0.7083333333333334,0.7884655876292123,0.3580984473228454,0.0006083316273159,0.0004539489746093,0.0014288425445556,bicycle
1,0.4224137931034483,0.7331926275430054,0.367588609457016,0.0005882032986344491,0.0004489421844482,0.000889778137207,bus
2,0.9619834710743802,0.9450631795096989,0.2047197371721267,0.0005761306804730065,0.000256061553955,0.0021061897277832,car
3,0.3157894736842105,0.7935931447305178,0.441302627325058,0.000565942965055721,0.0004580020904541,0.0008058547973632,motorcycle
6,0.84765625,0.8691225526854396,0.2749700844287872,0.0005844263359903828,0.0004549026489257,0.0017766952514648,pedestrian
7,0.43333333333333335,0.8026725947856903,0.4021456837654114,0.0005603551864623634,0.0004599094390869,0.0011131763458251,rider
8,0.867109634551495,0.9290771871508158,0.2767415046691894,0.000567686518165311,0.0004529953002929,0.0008461475372314,traffic light
9,0.8646408839779005,0.9290506517854185,0.3096068799495697,0.0005733960241243492,0.0004549026489257,0.0020999908447265,traffic sign
12,0.476,0.7898720389604569,0.2687555849552154,0.00056791114807124,0.0004558563232421,0.0009450912475585,truck
