class,accuracy,avg_confidence,min_confidence,avg_response_time,min_response_time,max_response_time,class_label
0,0.734375,0.8194052199833095,0.3719464838504791,0.0006210505962371375,0.0004518032073974,0.0009098052978515,bicycle
1,0.5859375,0.7531650129240006,0.2823004126548767,0.0006012208759784172,0.0004401206970214,0.0008876323699951,bus
2,0.9526832083092902,0.9328048254840992,0.3169399797916412,0.0006006416116087749,0.0003340244293212,0.0031917095184326,car
3,0.3225806451612903,0.7208513867470526,0.4211601018905639,0.0005626755376015452,0.000439167022705,0.0007529258728027,motorcycle
6,0.8633093525179856,0.8633052613452185,0.3834699094295501,0.0006071912298956716,0.0004498958587646,0.0050177574157714,pedestrian
7,0.42105263157894735,0.7657937070256785,0.3673652708530426,0.0005364606254978763,0.000460147857666,0.0008399486541748,rider
8,0.9333333333333333,0.9556203564008077,0.3380164504051208,0.0006034795443216481,0.0004401206970214,0.0017681121826171,traffic light
9,0.941025641025641,0.931090105114839,0.2933939397335052,0.0005917225128564556,0.0003137588500976,0.0013651847839355,traffic sign
12,0.6515151515151515,0.7688614202268196,0.3485107123851776,0.0005862586426011948,0.0004432201385498,0.0011892318725585,truck
