class,accuracy,avg_confidence,min_confidence,avg_response_time,min_response_time,max_response_time,class_label
0,0.7424242424242424,0.845667761835185,0.3147415518760681,0.0005619164669151954,0.0004432201385498,0.0008208751678466,bicycle
1,0.5954198473282443,0.7324869887519428,0.3887861371040344,0.0005902698021808138,0.0004441738128662,0.0008518695831298,bus
2,0.9524342473419138,0.9338090687273065,0.2674625515937805,0.0005713695244343026,0.0003776550292968,0.0018050670623779,car
3,0.4,0.6588922560214996,0.2676812410354614,0.000607357025146432,0.0004510879516601,0.0007810592651367,motorcycle
6,0.8897338403041825,0.8689733725536912,0.2873656153678894,0.0005736740823027251,0.000439167022705,0.0008871555328369,pedestrian
7,0.42105263157894735,0.7744326701289729,0.3503254354000091,0.0005549255170319763,0.0004501342773437,0.00083589553833,rider
8,0.9169435215946844,0.950100101109755,0.3661891222000122,0.0005731709375729512,0.0004429817199707,0.0014021396636962,traffic light
9,0.9352112676056338,0.9453033094674769,0.3242489397525787,0.0005783148214850158,0.0004427433013916,0.0009629726409912,traffic sign
12,0.6096654275092936,0.7739298811189304,0.3445146977901459,0.0005782395047325583,0.0004389286041259,0.0013148784637451,truck
