class,accuracy,avg_confidence,min_confidence,avg_response_time,min_response_time,max_response_time,class_label
0,0.7393162393162394,0.8801312103994892,0.2665548622608185,0.0005923499408949679,0.0004189014434814,0.002687931060791,bicycle
1,0.625,0.7457974626123905,0.3191356658935547,0.0005972230434417238,0.0004169940948486,0.0029709339141845,bus
2,0.8852254500089111,0.8953207050058596,0.2653318047523498,0.0006066492971645171,0.0004129409790039,0.0086448192596435,car
3,0.15730337078651685,0.7650438376357046,0.293348103761673,0.0006732753153596808,0.0004239082336425,0.0047249794006347,motorcycle
6,0.9810201660735468,0.9766314191255422,0.3771389126777649,0.0005963255926382845,0.0004169940948486,0.0044958591461181,pedestrian
7,0.043859649122807015,0.8801131261545315,0.3304572701454162,0.0006185268100938808,0.0004167556762695,0.0023059844970703,rider
8,0.9002267573696145,0.9433513156005314,0.3118655383586883,0.0006004771948400847,0.0004169940948486,0.0044217109680175,traffic light
9,0.9117132867132867,0.9346119591614583,0.314977765083313,0.0006134910183352523,0.0004160404205322,0.0051751136779785,traffic sign
12,0.46714456391875747,0.7145171702406597,0.2405398786067962,0.0005941208687876359,0.0004060268402099,0.0031380653381347,truck
