class,accuracy,avg_confidence,min_confidence,avg_response_time,min_response_time,max_response_time,class_label
0,0.6697247706422018,0.835109632633148,0.314282476902008,0.0006107868404562935,0.0004363059997558,0.0015180110931396,bicycle
1,0.026246719160104987,0.9609172478748431,0.5137462019920349,0.00061256428716059,0.0004458427429199,0.001878023147583,bus
2,0.9858259131382882,0.9878815214633508,0.3130712509155273,0.0006271477463070307,0.0002071857452392,0.0125060081481933,car
3,0.3108108108108108,0.7646338005323667,0.2826931178569793,0.0005962397601152851,0.0004541873931884,0.0012848377227783,motorcycle
6,0.8497706422018348,0.8933990530396273,0.3130495548248291,0.0006272784613687561,0.0003280639648437,0.0024607181549072,pedestrian
7,0.34615384615384615,0.7673053842324477,0.3149678111076355,0.0005992724345280085,0.0004420280456542,0.0014693737030029,rider
8,0.5929304446978335,0.8197818184388268,0.3022668063640594,0.0006208838459566811,0.0004310607910156,0.001918077468872,traffic light
9,0.723834652594547,0.8859107712957035,0.3026176691055298,0.0006300933337986969,0.000432014465332,0.0043959617614746,traffic sign
12,0.027180067950169876,0.9690508826605191,0.3380430340766907,0.0006282370060783069,0.0004339218139648,0.0022299289703369,truck
