class,accuracy,avg_confidence,min_confidence,avg_response_time,min_response_time,max_response_time,class_label
0,0.7522522522522522,0.832173341969112,0.3167752027511596,0.0006119571290574171,0.0004420280456542,0.0036330223083496,bicycle
1,0.5871794871794872,0.7443232192442968,0.2914616167545318,0.0005839060514400692,0.0004370212554931,0.0031437873840332,bus
2,0.9488146551724138,0.9326157692669966,0.3143441081047058,0.0005993582308291895,0.0004310607910156,0.0174908638000488,car
3,0.3218390804597701,0.6819111262929851,0.3037107586860657,0.0006177069126874034,0.0004479885101318,0.0015459060668945,motorcycle
6,0.8731428571428571,0.8662334184987205,0.2213852405548095,0.0005956682477678075,0.0004401206970214,0.0028390884399414,pedestrian
7,0.44696969696969696,0.7492513049281004,0.3155272603034973,0.0005899505181745553,0.0004429817199707,0.0013318061828613,rider
8,0.9388209121245829,0.9528507056901929,0.292559266090393,0.0005975612941652354,0.0004138946533203,0.0028181076049804,traffic light
9,0.9311224489795918,0.9409265460661885,0.2997548878192901,0.0005991744751832436,0.0004339218139648,0.0041429996490478,traffic sign
12,0.6213364595545134,0.7676818972805041,0.2724536657333374,0.0006018906377543658,0.0004310607910156,0.0021378993988037,truck
